Winnie the Pooh	http://disney.wikia.com/wiki/Winnie_the_Pooh	 The Many Adventures of Winnie the Pooh, Winnie the Pooh Discovers the Seasons, Winnie the Pooh and a Day for Eeyore, Winnie the Pooh: A Very Merry Pooh Year, Winnie the Pooh: Seasons of Giving, Pooh's Grand Adventure: The Search for Christopher Robin, The Tigger Movie, Mickey's Magical Christmas: Snowed in at the House of Mouse, Mickey's House of Villains, Piglet's Big Movie, Winnie the Pooh: Springtime with Roo, Pooh's Heffalump Movie, Pooh's Heffalump Halloween Movie, Winnie the Pooh	 Welcome to Pooh Corner, The New Adventures of Winnie the Pooh, House of Mouse, The Book of Pooh, My Friends Tigger and Pooh, A Poem Is...	 Winnie the Pooh: Adventures in the Hundred Acre Wood, Tigger's Honey Hunt, Kingdom Hearts series, Piglet's Big Game, Winnie The Pooh's Rumbly Tumbly Adventure, Meteos: Disney Magic, Kinect Disneyland Adventures, Disney INFINITY series (townsperson)	 The Many Adventures of Winnie the Pooh, Pooh's Hunny Hunt, Mickey Mouse Revue, Fantasmic!, Celebrate A Dreams Come True Parade, Jubilation!, Flights of Fantasy Parade, Mickey's Boo-to-You Halloween Parade, Mickey's Once Upon a Christmastime Parade, Disney Stars and Motorcars Parade, Light Magic, A Christmas Fantasy Parade, Parade of the Stars	 Frank Thomas (The Many Adventures of Winnie the Pooh),Ollie Johnston (The Many Adventures of Winnie the Pooh),Mark Henn (Winnie the Pooh),Rachel R. Bibb (Winnie the Pooh)	 Sterling Holloway (1966–1977),Hal Smith (1981–1986),Jim Cummings (1988–present)	 Winnie-the-Pooh from the books created by A. A. Milne.	 Star on the Hollywood Walk of Fame10th place in WatchMojo.com's Top 10 Classic Disney Animated Characters	 Edward Winnie-the-Pooh Bear	 Pooh,Pooh Bear,Buddy Bear (referred to by Tigger),Silly Old Bear (referred to by Christopher Robin),Pooh Boy (referred to by Tigger),Masked Bear (in the New Adventures of Winnie the Pooh),Edward Bear	 Plump ocre teddy bear, both black beady eyes and nose, a red short-sleeved shirt	 October 14	 Super Seulth,Pet owner	 Good	 Innocent, slow, caring, brave, obesity, hungry, happy, gentle, friendly, lovable, roly-poly, simple-minded, childlike, oblivious, a worrier at times	 To keep his tummy full of honey.	 Hundred Acre Wood		 Christopher Robin, Piglet, Tigger, Eeyore, Rabbit, Owl, Roo, Gopher, Kanga, Kessie, Lumpy, Darby, Buster, Heffalumps	Hundred Acre Wood	 Honey, his friends, balloons, adventure, imagination, songs, Christmas, autumn	 Bees, running out of honey, the thought of losing Christopher Robin, failing his friends	 Invulnerability (designed as a stuffed animal, filled with fluff), can communicate with bees (The Book of Pooh)	 "Oh, bother!","Think, think, think!"
Tigger	http://disney.wikia.com/wiki/Tigger	 The Many Adventures of Winnie the Pooh, Winnie the Pooh Discovers the Seasons, Winnie the Pooh and a Day for Eeyore, Winnie the Pooh: A Very Merry Pooh Year, Winnie the Pooh: Seasons of Giving, Pooh's Grand Adventure: The Search for Christopher Robin, The Tigger Movie, Piglet's Big Movie, Winnie the Pooh: Springtime with Roo, Pooh's Heffalump Movie, Pooh's Heffalump Halloween Movie, Mickey's House of Villains, Mickey's Magical Christmas: Snowed in at the House of Mouse, Winnie the Pooh	 The Mouse Factory, Welcome to Pooh Corner, The New Adventures of Winnie the Pooh, House of Mouse, The Book of Pooh, My Friends Tigger &amp; Pooh	 Tigger's Honey Hunt, Kingdom Hearts series, Piglet's Big Game, Winnie The Pooh's Rumbly Tumbly Adventure, Kinect Disneyland Adventures, Winnie the Pooh: Adventures in the Hundred Acre Wood, Disney INFINITY series (townsperson)	 The Many Adventures of Winnie the Pooh, Pooh's Hunny Hunt, World of Color, Fantasmic!, Jubilation!, Mickey's Boo-to-You Halloween Parade, Mickey's Once Upon a Christmastime Parade, Disney Stars and Motorcars Parade, Light Magic, A Christmas Fantasy Parade, Parade of the Stars	 Milt Kahl,Andreas Deja	 Paul Winchell (1968-1999),Will Ryan (1983-1986),Jim Cummings (1989-present)	 Tigger from The House at Pooh Corner (1928)			 Masked Offender (in the New Adventures of Winnie the Pooh),Ghost of Christmas Past,Tigger Dear (referred to by Kanga)	 Slender orange tiger, handsome, beady black eyes, thin black eyebrows, white upper face, ear innards, muzzle, and belly, black stripes, pink nose (black; in Welcome to Pooh Corner), a pair of 3 whiskers (4; in Winnie the Pooh), bouncing tail	 March 25	 Super Sleuth	 Good	 Rambunctious, childish, innocently egotistical, happy, energetic, friendly, exuberant, dramatic, loyal, tough, loud, strong, hardy, playful, mischievous, optimistic.	 To be the greatest bouncer in the Hundred Acre Wood.	 Hundred Acre Wood,His house	 His mother	 Christopher Robin, Darby, Pooh, Piglet, Rabbit, Eeyore, Roo, Kanga, Owl, Gopher, Kessie, Buster	Hundred Acre Wood,His house	 Being the only Tigger, bouncing, ice cream sundaes, teasing Rabbit, playing with Roo, extract of malts	 Honey, acorns, thistles, ice-skating, Poohsticks, climb trees, baths, not being allowed to bounce, Santa Pooh's cheap toy deliveries	 His incredible bouncing abilities,His lisps	 "T.T.F.N.! Ta-ta- for now!","Bouncing is what Tiggers do best!","Hoo-hoo-hoo-hoo-oo-oo-oo!","Consider yourself pounced!","T-I-double-guh-er! That spells Tigger!","She called me 'dear'."
Piglet	http://disney.wikia.com/wiki/Piglet	 The Many Adventures of Winnie the Pooh, Winnie the Pooh and a Day for Eeyore, Winnie the Pooh Discovers the Seasons, Who Framed Roger Rabbit (cameo), Pooh's Grand Adventure: The Search for Christopher Robin, The Tigger Movie, Piglet's Big Movie, Winnie the Pooh: Springtime with Roo, Pooh's Heffalump Movie, Pooh's Heffalump Halloween Movie, Mickey's House of Villains, Mickey's Magical Christmas: Snowed in at the House of Mouse, Winnie the Pooh	 Welcome to Pooh Corner, The New Adventures of Winnie the Pooh, House of Mouse, The Book of Pooh, My Friends Tigger and Pooh	 Tigger's Honey Hunt, Kingdom Hearts series, Piglet's Big Game, Winnie The Pooh's Rumbly Tumbly Adventure, Meteos: Disney Magic, Kinect Disneyland Adventures, Winnie the Pooh: Adventures in the Hundred Acre Wood	 The Many Adventures of Winnie the Pooh, Pooh's Hunny Hunt, Jubilation!, Mickey's Boo-to-You Halloween Parade, Mickey's Once Upon a Christmastime Parade, Parade of the Stars	 Frank Thomas,Anthony DeRosa,Bruce W. Smith	 John Fiedler (1968–2005),Phil Baron (Welcome to Pooh Corner),Travis Oates (2005–present),Steve Schatzberg (singing; Pooh's Grand Adventure),Jeff Bennett (singing; Winnie the Pooh a Very Merry Pooh Year)	 Piglet from the A. A. Milne stories			 Piglet Ol' Pal (referred to by Tigger),Porky Boy,"The Pig" (by Roo (2011 film))	 Small and slender piglet, pink skin, both rose ears and snout, thin black eyebrows, matching beady eyes, magenta jumpsuit with black-hairlined stripes	 July 10		 Good	 Innocent, cowardly, paranoid, shy, anxious, coy, quiet, supportive, passive, timid, helpful, organized	 To become brave.	 Hundred Acre Wood	 Trespassers William (grandfather),His unnamed mother,His unnamed father,His unnamed sibling	 Winnie the Pooh, Christopher Robin, Darby, Buster, Tigger, Rabbit, Eeyore, Kanga, Roo, Owl, Gopher, Lumpy, Heffalumps, Kessie, Nasty Jack	Hundred Acre Wood	 Being with Pooh and his friends, haycorns, safety, Heffalumps	 Danger, the dark, Woozles	 Small degree of super strength	 "Oh, d-d-d-dear! I musn’t f-f-f-fear!"
Tyrannosaurus Rex	http://disney.wikia.com/wiki/Tyrannosaurus_Rex	 Fantasia, Fantasia 2000 (appears in flashback), Who Framed Roger Rabbit (possible cameo), Pooh's Grand Adventure: The Search for Christopher Robin, Lady and the Tramp II: Scamp's Adventure (appears in a skeleton), The Good Dinosaur, Meet the Robinsons	 Bonkers (cameo), Phineas and Ferb (cameo), The Little Mermaid, Aladdin, The Legend of Tarzan , Gravity Falls		 Primeval World, Universe of Energy, T-Rex Cafe, The Timekeeper	 Wolfgang Reitherman,John Pomeroy	 None (in Fantasia),Frank Welker,Dee Bradley Baker,John Ratzenberger (in The Good Dinosaur)	 Tyrannosaurus Rex,Allosaurus			 T-Rex	 (In Fantasia) Gigantic and slender dark blue T-Rex, three fingers on both arms, red devilish eyes,(later media) two fingers on both arms, brown or red, yellow or grey eyes.		 Apex Predator,Predator,Hunter,Meat-eater	 Neutral	 Ferocious, aggressive, violent, ruthless, hungry, thirsty, voracious, cruel, destructive, mysterious, dangerous, greedy, carnivorous	 To survive its habitat		 Coelurosaurs			 Food, eating, water	 Being killed, dying, being injured, starvation, thirst	 Strength, roars, powerful bite	
Eeyore	http://disney.wikia.com/wiki/Eeyore	 The Many Adventures of Winnie the Pooh, Winnie the Pooh Discovers the Seasons, Winnie the Pooh: A Very Merry Pooh Year, Winnie the Pooh: Seasons of Giving, Pooh's Grand Adventure: The Search for Christopher Robin, The Tigger Movie, Piglet's Big Movie, Pooh's Heffalump Movie, Mickey's House of Villains, Mickey's Magical Christmas: Snowed in at the House of Mouse, Winnie the Pooh	 Welcome to Pooh Corner, The New Adventures of Winnie the Pooh, House of Mouse, The Book of Pooh, My Friends Tigger &amp; Pooh, A Poem Is...	 Tigger's Honey Hunt, Kingdom Hearts series, Winnie The Pooh's Rumbly Tumbly Adventure, Kinect Disneyland Adventures, Winnie the Pooh: Adventures in the Hundred Acre Wood, Disney INFINITY: 2.0 Edition (townsperson)	 The Many Adventures of Winnie the Pooh, Pooh's Hunny Hunt, Fantasmic!, Mickey's Boo-to-You Halloween Parade, Mickey's Once Upon a Christmastime Parade, Jubilation!, A Christmas Fantasy Parade, Parade of the Stars	 Randy Haycock	 Ralph Wright (1966–1983),Ron Feinberg (1981),Ron Gans (1983–1986),Gregg Berger (Kingdom Hearts series, Kinect Disneyland Adventures, The Mini Adventures of Winnie the Pooh),Peter Cullen (1988–2010),Bud Luckey (2011–present)	 Eeyore in Winnie-the-Pooh 1926 book			 Masked Bear's Faithful Steed (in the New Adventures of Winnie the Pooh),eoR,Tigger II (in the 2011 film)	 Gray (sometimes blue) toy donkey, old, black mane, both light gray (sometimes fair) muzzle and underbelly to his legs, droopy eyes, long ears, pink ear innards, thick black eyebrows, detachable tail with a black mane, a pink bow, and silver tack on his tail to his rear			 Good	 Gloomy, dismal, sarcastic, cynical, pretty, depressed, negative, pessimistic, wise, loyal, observant, insightful		 His house,Hundred Acre Wood		 Christopher Robin, Pooh, Tigger, Piglet, Rabbit, Roo, Owl, Gopher, Kanga, Lumpy, Darby, Buster	His house,Hundred Acre Wood	 Being gloomy, eating thistles, Poohsticks, birthdays	 Being alone, losing his tail, any single object playing his tail, being bounced by Tigger, bee stings, Tigger ruining his birthday	 Strength,His hooves	 "Thanks for noticin' me."
Christopher Robin	http://disney.wikia.com/wiki/Christopher_Robin	 The Many Adventures of Winnie the Pooh, Winnie the Pooh Discovers the Seasons, Winnie the Pooh and a Day for Eeyore, Pooh's Grand Adventure: The Search for Christopher Robin, The Tigger Movie, Piglet's Big Movie, Pooh's Heffalump Movie, Winnie the Pooh, Mickey's Magical Christmas: Snowed in at the House of Mouse	 The New Adventures of Winnie the Pooh, House of Mouse, The Book of Pooh (as an unseen character), My Friends Tigger &amp; Pooh (as a special guest), A Poem Is...	 Winnie The Pooh's Rumbly Tumbly Adventure, Winnie the Pooh: Adventures in the Hundred Acre Wood		 Mark Henn (Winnie the Pooh),Rachel R. Bibb (Winnie the Pooh)	 Bruce Reitherman (1966),Jon Walmsley (1968),Timothy Turner (1974),Kim Christianson (1983),Tim Hoskins (1988–1991),Edan Gross (1991),Brady Bluhm (1997–1999),Tom Attenborough (2000),Paul Tiesler (2001–2003),Tom Wheatley (2003),William Green (2002),Struan Erlenborn (2007–2010),Jack Boutler (in the 2011 film),Kath Soucie (singing voice; in Piglet's Big Movie),Jeff Bennett (singing voice; in "Winnie the Pooh a Very Merry Pooh Year")	 Christopher Robin Milne				 Small, slender,  8-10 years old, handsome, brown hair, fair skin, thin black eyebrows	 Fall 1978		 Good	 Imaginative, playful, cute, friendly, adventurous	 To have fun with Pooh Bear and his buddies	 Hundred Acre Wood	 Mrs. Robin (mother; in the New Adventures of Winnie the Pooh)	 Winnie the Pooh, Piglet, Tigger, Rabbit, Eeyore, Owl, Kanga, Roo, Gopher, Lumpy, Darby, Buster	Hundred Acre Wood	 His friends, his stuffed animals, exploring, playing with and helping his friends	 Thunderstorms, bees, scary movies		 "Silly ol' bear!"
Rabbit	http://disney.wikia.com/wiki/Rabbit	 The Many Adventures of Winnie the Pooh, Winnie the Pooh and a Day for Eeyore, Winnie the Pooh Discovers the Seasons, Pooh's Grand Adventure: The Search for Christopher Robin, The Tigger Movie, Piglet's Big Movie, The Lion King 1½ (silhouette cameo), Winnie the Pooh: Springtime with Roo, Pooh's Heffalump Movie, Pooh's Heffalump Halloween Movie, Mickey's Magical Christmas: Snowed in at the House of Mouse, Winnie the Pooh	 Welcome to Pooh Corner, The New Adventures of Winnie the Pooh, House of Mouse, The Book of Pooh, My Friends Tigger &amp; Pooh	 Tigger's Honey Hunt, Kingdom Hearts series, Winnie The Pooh's Rumbly Tumbly Adventure, Winnie the Pooh: Adventures in the Hundred Acre Wood, Hidden Worlds (Temporary Scene)	 The Many Adventures of Winnie the Pooh, Fantasmic!	 Don Bluth (Winnie the Pooh and Tigger Too!),John Pomeroy (The Many Adventures of Winnie the Pooh),Eric Goldberg (Winnie the Pooh)	 Junius Matthews (1966–1977),Ray Erlenborn (1981),Will Ryan (1983–1986),Ken Sansom (1988–2010),Tom Kenny (2011–present)	 Ebenezer Scrooge			 Bunny Boy, Long Ears, Floppy Ears, Ra-Ra (referred to by Tigger,Rabbie (referred to by Kessie)	 Slender domestic rabbit, handsome, yellow fur, skinny arms, white cottontail	 September 14th	 Gardener,Magician (in Welcome to Pooh Corner)	 Good (actual)Good/Neutral (sometimes)	 Fussy, compulsive, worrisome, , violent, somewhat egotistical, short-tempered, bad-tempered, vain, annoy, ugly, well-meaning, protective, sensible, nice, happy, helpful, fatherly, crafty, miserly	 To be neat and organized	 Rabbit's House,Hundred Acre Wood	 Long John Cottontail (great-great uncle),Unnamed Grandfather,500 young unnamed relatives,Kessie (adoptive daughter)	 Winnie the Pooh, Christopher Robin, Tigger, Piglet, Eeyore, Roo, Owl, Gopher, Kanga, Kessie, Lumpy, Darby, Buster	Rabbit's House,Hundred Acre Wood	 Being organized, gardening, being treated as special, his friends, keep bugs and crows out of garden	 Tigger annoy him, Tigger's bouncing (at times), Eeyore's gloomy attitude, Pooh's appetite (formerly), scary things, his garden getting destroyed, not being treated as special, Owl's singing and ridiculous racket when being woke up in the morning by him (from Owl's Well That Ends Well)		 "Oh, MY!","My gracious! That's it!","Why don't you ever stop bouncing?!?","Oh, Why does it always have to be me? Why, oh why, oh why?,"This is Rabbit's garden and Rabbit does his harvesting by the BOOK!"
Owl (Winnie the Pooh)	http://disney.wikia.com/wiki/Owl_(Winnie_the_Pooh)	 The Many Adventures of Winnie the Pooh, Winnie the Pooh and a Day for Eeyore, Pooh's Grand Adventure: The Search for Christopher Robin, The Tigger Movie, Piglet's Big Movie, Mickey's Once Upon a Christmas (cameo), Winnie the Pooh, Mickey's House of Villains	 The New Adventures of Winnie the Pooh, Recess (cameo), The Book of Pooh, Welcome to Pooh Corner, House of Mouse	 Tigger's Honey Hunt, Kingdom Hearts series, Piglet's Big Game, Winnie The Pooh's Rumbly Tumbly Adventure, Kinect Disneyland Adventures, Winnie the Pooh: Adventures in the Hundred Acre Wood	 The Many Adventures of Winnie the Pooh	 Dale Baer	 Hal Smith (1966–1991),Andre Stojka (1997–2006),Craig Ferguson (2011–present)					 Slender owl, brown feathers, both cream belly and legs, both orange beak and feet		 Chef (in Welcome to Pooh Corner)	 Good	 Kind, absent-minded, nostalgic, intelligent, talkative, proud		 Owl's House,Piglet's House (briefly),Hundred Acre Wood	 Uncle Torbit,Aunt Ophelia,Dexter (cousin),Countless other relatives	 Winnie the Pooh, Tigger, Piglet, Eeyore, Rabbit, Kanga, Roo, Gopher, Nasty Jack, Christopher Robin	Owl's House,Piglet's House (briefly),Hundred Acre Wood	 Telling stories, writing memoirs, reading	 Being ignored by his friends		 "This reminds me of the time when...."
Kanga	http://disney.wikia.com/wiki/Kanga	 The Many Adventures of Winnie the Pooh, Winnie the Pooh and a Day for Eeyore, Winnie the Pooh: A Very Merry Pooh Year, Winnie the Pooh: Seasons of Giving, The Tigger Movie, Piglet's Big Movie, Pooh's Heffalump Movie, Winnie the Pooh	 The New Adventures of Winnie the Pooh, Welcome to Pooh Corner, The Book of Pooh, House of Mouse, My Friends Tigger &amp; Pooh, A Poem Is...	 Kingdom Hearts II, Winnie The Pooh's Rumbly Tumbly Adventure, Winnie the Pooh: Adventures in the Hundred Acre Wood	 The Many Adventures of Winnie the Pooh, Fantasmic!	 Anthony DeRosa,Bruce W. Smith	 Barbara Luddy (1966–1977),Julie McWhirter (1983),Kim Christianson (Welcome to Pooh Corner),Patricia Parris (1988–1990),Kath Soucie (2000–2010),Tress MacNeille (1999, Kingdom Hearts series),Kristen Anderson-Lopez (2011–present),Tomie Kataoka (Japanese)				 Mrs. Kanga, or sometimes Mrs. Kanga Ma'am reffered to by Tigger, Ms. Kanga, Mama	 Slender brown kangaroo			 Good	 Motherly, protective, understanding, beautiful, sweet, caring, wise	 To keep Roo safe	 Hundred Acre Wood	 Roo (son)	 Roo, Tigger, Winnie the Pooh, Christopher Robin, Piglet, Eeyore, Rabbit, Owl, Lumpy, Sora, Gopher	Hundred Acre Wood	 Roo	 Roo in danger	 Strength, bounces	 "Why, hello, Tigger, dear."
Roo	http://disney.wikia.com/wiki/Roo	 The Many Adventures of Winnie the Pooh, Winnie the Pooh and a Day for Eeyore, The Tigger Movie, Piglet's Big Movie, Pooh's Heffalump Movie, Pooh's Heffalump Halloween Movie, Winnie the Pooh	 Welcome to Pooh Corner, The New Adventures of Winnie the Pooh, House of Mouse, My Friends Tigger &amp; Pooh, A Poem Is...	 Tigger's Honey Hunt, Kingdom Hearts series, Winnie The Pooh's Rumbly Tumbly Adventure, Kinect Disneyland Adventures, Winnie the Pooh: Adventures in the Hundred Acre Wood	 The Many Adventures of Winnie the Pooh	 Anthony DeRosa,Bruce W. Smith	 Clint Howard (1966–1977), Dick Billingsley (Day for Eeyore), Nicholas Melody (1988–1991), Nikita Hopkins (1999–2005), Jimmy Bennett (2004–2005),Max Burkholder (2007–2009),Wyatt Dean Hall (2011–present),Masaya Sugimoto (Japanese)					 Small and slender brown joey, beady eyes, 2 hairlines, blue long-sleeved T-shirt (red in Welcome to Pooh Corner)			 Good	 Playful, curious, imaginative, brave, handsome, cute	 To bounce just like Tigger	 Hundred Acre Wood	 Kanga (mother)	 Tigger, Kanga, Winnie the Pooh, Christopher Robin, Piglet, Rabbit, Eeyore, Gopher, Owl, Darby, Buster, Sora, Lumpy	Hundred Acre Wood	 Bouncing, playing, fun	 The extract of malt that his mother gives him as "strengthening medicine" after meals, though he will reluctantly take it	 Jumping abilities	 "Hi, Tigger!" , "I've got a mama. Don't you have a family somewhere too?"
Gopher (Winnie the Pooh)	http://disney.wikia.com/wiki/Gopher_(Winnie_the_Pooh)	 The Many Adventures of Winnie the Pooh, Winnie the Pooh: Seasons of Giving, Winnie the Pooh: A Very Merry Pooh Year, Pooh's Heffalump Halloween Movie (in Roo's flashback)	 The New Adventures of Winnie the Pooh, House of Mouse, Goof Troop (cameo), My Friends Tigger and Pooh (mentioned)	 Tigger's Honey Hunt, Kingdom Hearts II, Winnie the Pooh: Adventures in the Hundred Acre Wood: Goof TroopSee also: The Disney Afternoon	 The Many Adventures of Winnie the Pooh, Pooh's Hunny Hunt	 John Lounsbery	 Howard Morris (1966–1977),Michael Gough (1988–present),Mahito Tsujimura (Japanese)	 Mr. Busy from Lady and the Tramp		 Samuel J. Gopher		 Slender gray gopher		 Miner	 Good	 Busy, hard-working		 Hundred Acre Wood	 Grand Pappy	 Winnie the Pooh, Tigger, Owl, Piglet, Roo, Kanga, Rabbit, Christopher Robin, Eeyore, Lumpy, Sora	Hundred Acre Wood	 Digging, dynamite	 Rabbit disturbing Pooh Bear's appetite on his swing shift, The Crows using his holes to steal Rabbit's vegetables, being woke up from Winter Hibernation, dark	 Digging	 "I'm not in the book, you know.","By Dinghy!","Say, what's wrong Sonny?"
The Backson	http://disney.wikia.com/wiki/The_Backson	 Winnie the Pooh				 Eric Goldberg	 Huell Howser	 Monster from "My Pet Monster"				 Gigantic and obese creature, tail, surly ugly mug face, sharp horns atop his head in between a red mop hair that covers his eyes, black toes, blue fur, shaggy rug-like hide, gold ring on his nose		 Pooh and his pals' target	 Bad (according to Owl), Good (real)	 Destructive, devilish, monstrous, fearsome, bad, cruel (according to Owl), gentle, curious, enthusiastic	 To cause complete chaos (according to Owl), to return the items left out for him (real)					 Chaos, destroying things, thefts (according to Owl), finding things in the woods, helping to return lost things (real)		 Incredible strength, flight	 "Wow! It's amazing what you can find in the woods. A marble. And a boot. And Oh My that's a scary looking fellow.","Gosh! Maybe These were His things. You know i better pick them up so they won't get broken. That's the last thing i would want.","Oh My Gosh! Is this a pit? I think i'm in a Pit! Hello, Anybody Up There? Oh Well, I sure hope that fellow would be back soon."
Lumpy	http://disney.wikia.com/wiki/Lumpy	 Pooh's Heffalump Movie, Pooh's Heffalump Halloween Movie	 My Friends Tigger and Pooh				 Kyle Stanger , Oliver Dillon	 Junior HeffalumpHenry		 Heffridge Trumpler Brompet Heffalump, IV (named by his mother)	 Lumpster	 Obese lavender heffalump, both purple yarned hair and cottontail, beady eyes, short trunk		 Roo's sidekick	 Good	 Happy, friendly, fun, innocent, cute		 Hundred Acre Wood	 Mama Heffalump (mother)	 Roo, Kanga, Piglet, Eeyore, Winnie the Pooh, Tigger, Rabbit, Christopher Robin, Darby, Buster, Porcupine, Turtle, Woodpecker, Beaver, Raccoon, Skunk	Hundred Acre Wood	 Playing games, honey, bouncing, swimming	 Getting into trouble, being trapped	 Strength, loud trunk	 "Ha ha ha ha!"
Kessie	http://disney.wikia.com/wiki/Kessie	 Winnie the Pooh: Seasons of Giving, The Book of Pooh: Stories from the Heart	 The New Adventures of Winnie the Pooh, The Book of Pooh				 Laura Mooney,Stephanie D'Abruzzo,Amanda Maddock,Tara Strong					 Small and slender blue bird		 Friend of Pooh and the others, especially her "Rabbie" when she was a little baby bird	 Good	 Innocent, kind, resourceful, brave, adorable, cute, gorgeous	 To be happy in life	 Hundred Acre Wood	 Rabbit (adoptive father, friend)	 Pooh and friends, Christopher Robin	Hundred Acre Wood	 Flying, having fun, helping her friends, playing toys, stuffed animals	 Not being allowed to fly, being treated like a baby, bad situations	 Flight	 "Am I doing this right, Rabbie?","Hello, everyone.","Everyone knows he's Winnie the Pooh."
Stan Woozle and Heff Heffalump	http://disney.wikia.com/wiki/Stan_Woozle_and_Heff_Heffalump		 The New Adventures of Winnie the Pooh				 Ken Sansom (Stan),Tom Kenny (Stan) (Currently),Chuck McCann (Heff)	 Possibly George and Lennie from John Steinbeck's "Of Mice and Men".				 Stan: Slender dark gray woozle, yellow eyes, black nose, light gray stomach, torso, chin, and lower nose, purple bags under eyes, with a red cap, yellow vest, blue pants, black shoes, red and white polka dot tie,Heff: Obese orange heffalump, black vest, large tooth, yellow torso, stomach, and chin, burnt orange colored square patch on the knee		 Thieves	 Bad/Neutral	 Stan: Calm, devious, intelligent,Heff: Loud, easily scared, idiotic	 To steal honey, to ransom Kessie	 The Hundred Acre Wood		 Wooster (formerly)	The Hundred Acre Wood	 Both: Stealing honey,Stan: Being intimidating	 Stan: Politeness, friendship, the "fluffbags" (Stan's nickname for Pooh and his friends),Heff: Mice, Wooster,Both: Mousetraps, Kessie		 Stan: "To think a woozle would stoop to saying please!",Heff: "You're brilliant, Stan! Brilliant! How are we gonna get the little birdie in our hands?"
Darby	http://disney.wikia.com/wiki/Darby		 My Friends Tigger &amp; Pooh				 Chloë Grace Moretz (US),Kimberlea Berg (UK)				 Darbbuddy,Dar-Dar	 Small, slender, 6 years old, short red hair, blue eyes, fair skin, freckles, pink lips, blue baseball cap with a green question mark on it, white shirt, both purple vest and headband, teal jeans, white sneakers		 Super Sleuth		 Smart, energetic, tomboyish	 To solve the case on each episode	 Hundred Acre Wood		 Her dog Buster, Winnie the Pooh, Christopher Robin, Piglet, Tigger, Eeyore, Kanga, Roo, Rabbit, Lumpy, Woodpecker, Beaver, Raccoon, Turtle, Porcupine	Hundred Acre Wood	 Super-sleuthing, playing, sunbathing, fun, being with her friends	 Sunburn, giving up	 Strength, speed	 "Good sleuthin', everybody!","Time to slap my cap!","Silly old bear."
The Bees	http://disney.wikia.com/wiki/The_Bees	 The Many Adventures of Winnie the Pooh, The Tigger Movie, Piglet's Big Movie, Winnie the Pooh	 The New Adventures of Winnie the Pooh, The Book of Pooh	 Tigger's Honey Hunt, Piglet's Big Game, Kingdom Hearts series, Disney Universe, Kinect Disneyland Adventures	 The Many Adventures of Winnie the Pooh, Pooh's Hunny Hunt							 Swarm of honey bees			 Bad/Neutral	 Protective, Bold, Hard Working	 To protect their honey			 Each other		 Honey, making honey	 Pooh stealing their honey	 Flight,Speed	
Heffalumps	http://disney.wikia.com/wiki/Heffalumps	 The Many Adventures of Winnie the Pooh, Pooh's Heffalump Movie	 The New Adventures of Winnie the Pooh, My Friends Tigger and Pooh	 Tigger's Honey Hunt, Winnie The Pooh's Rumbly Tumbly Adventure	 The Many Adventures of Winnie the Pooh, Pooh's Hunny Hunt			 Pink Elephants				 Large elephant-like creatures			 Good	 Sweet, gentle, understanding, generous, friendly, cute	 Remain friends with Pooh, Tigger, Piglet, Rabbit, Eeyore, Christopher Robin, and Gopher to share honey.	 Heffalump Hallow		 Lumpy, Winnie the Pooh, Tigger, Piglet, Rabbit, Eeyore, Kanga, Roo, Owl, Gopher, Christopher Robin (Good only for Pooh and friends), Woozles (formerly)	Heffalump Hallow	 Honey, adventures, swimming, Pooh and friends	 Being mistreated, Being denied honey	 Transformation, multiplication, use trunks as vacuums (nightmarish depictions only), great strength	
Crud	http://disney.wikia.com/wiki/Crud		 The New Adventures of Winnie the Pooh				 Jim Cummings				 The master of mud, the surveyor of slime, the guru of garbage, and the wiseman of waste	 A giant green slime monster with yellow eyes		 Ruler of Christopher Robin's "Under-the-Bed"	 Bad Bad	 Bad, mean, quick-tempered, evil, selfish, careless, and clean-hating	 To take over the world by making it dirty	 Under Christopher Robin's bed		 Smudge and crayon soldiers Ansem Seeker of Darkness, Xehanort, Xemnas, Young Xehanort, Master Xehanort, Isa, Braig, Ultimate Xehanort of the X (chi) blade.	Under Christopher Robin's bed	 Dirt, everything dirty	 the words "clean" and "washed up", being cleaned up, and soap	 Super Strength, Slime Elemental plowers	 "No one cleans up down here!" , "Smudge! I'm speaking." , "Christopher Robin. Everyone knows who you are down here."
Woozles	http://disney.wikia.com/wiki/Woozles	 The Many Adventures of Winnie the Pooh	 The New Adventures of Winnie the Pooh, My Friends Tigger and Pooh	 Tigger's Honey Hunt	 The Many Adventures of Winnie the Pooh, Pooh's Hunny Hunt			 Woozles as described in the A.A. Milne stories about Pooh				 Slender weasel like creatures in a variety of patterns ranging from polka dots to plaid to stripes		 Honey thieves	 Bad (except for Wooster who reformed in The New Adventures)	 Sly, devilish, cunning, evil, confusing, scheming, greedy	 To steal honey	 Anywhere		 Heffalumps (formerly)	Anywhere	 Honey, robberies	 Pooh and pals	 Transformation, multiplication	
Santa Claus	http://disney.wikia.com/wiki/Santa_Claus	 See below	 See below				 See below				 St. Nicholas, Jim, Sandy Claws, The Big Guy	 Very obese, half bald, white hair and long beard, red suit and cap, black boots		 Gift giver and holiday mascot	 Good	 Kind, nice, jolly	 Giving out toys to good children	 The North Pole	 Mrs. Claus	 Mrs. Claus, Mickey Mouse, Minnie Mouse, Donald Duck, Goofy, Pluto, Daisy Duck, Jiminy Cricket, Bonkers D. Bobcat, Lucky Piquel, Jack Skellington, Sally F. Skellington, Dr. Finkelstein, Mayor of Halloween Town, Lock, Shock, and Barrel, Wayne, Lanny, Magee, Noel, Brandy Harrington, Mr. Whiskers, Phineas Flynn and Ferb Fletcher, Candace Flynn, Sora	The North Pole	 Children's goodness, happiness, good behavior, love, sharing	 Bad behavior, Jack ruining Christmas, Oogie Boogie's ex-minions' rude behaviors	 Christmas magic	 "Ho Ho Ho"
Christopher Robin's Mom	http://disney.wikia.com/wiki/Christopher_Robin%27s_Mom		 The New Adventures of Winnie the Pooh, The Book of Pooh				 Patricia Parris (The New Adventures of Winnie the Pooh)	 Dorothy "Daphne" de Selincourt-Milne			 Mrs. Robin (The New Adventures of Winnie the Pooh)			 Mother of Christopher Robin		 Fun, loving and caring mother	 To raise her son with love and careness	 Christopher Robin's House	 Christopher Robin (son)		Christopher Robin's House	 Christopher Robin having fun, Christopher Robin being happy and keeping his room clean and eating his vegetables	 Christopher Robin being sad, making his room a mess and getting into mischief and not eating his vegetables		 "Christopher Robin, you can play after you've picked up this mess.","Christopher, time for school!"
Nasty Jack	http://disney.wikia.com/wiki/Nasty_Jack		 The New Adventures of Winnie the Pooh				 Jim Cummings	 John Wayne			 Sheriff Jack (at the end)			 Horse Thief leader (formerly), later town sheriff	 Bad, later good		 To trounce Piglet and terrorize the people of Rickety Gulch (formerly),To clean up the town	 Rickety Gulch		 Piglet, Winnie the Pooh, Eeyore, Rabbit, Tigger, and Horse Thieves (formerly)	Rickety Gulch	 Trouncing people (formerly), terrorizing people (formerly), root beers, and banana splits	 Not being able to trounce people (formerly), sheriffs (formerly), and bad guys	 Strength and speed	 "You don't get the picture here, fellas. We're not "horse thieves", we're horse thieves. Horses who steal things, comprendo?","Hate to break it to ya, chum, but we've got us a little problem.","See? That badge makes you sheriff, and sheriffs and horse thieves don't get along, right? And since I'm Nasty Jack, the world's meanest horse thief, I'm gonna have to trounce ya.","Now look what ya done! The badge fell off! You know what this means?! (after Piglet replies) You're not sheriff anymore!","Oh, sure. Fine. Now that's just peachy, isn't it? Now I can't even trounce ya! What in the blue blazes am I supposed to do?!","Honest? Ya mean it? I always wanted to be sheriff." (after Piglet suggests he becomes the sheriff),"Alrighty, pilgrim. I'm the sheriff now and I'm really gonna clean up this town. Comprendo?!"
The Toy Villains	http://disney.wikia.com/wiki/The_Toy_Villains																								
Wooster	http://disney.wikia.com/wiki/Wooster		 The New Adventures of Winnie the Pooh				 Peter Cullen (uncredited)					 Gigantic woozle with large lavender chest and arms, dark red narrow waist with sea foam green head, hands, and claws, yellow eyes, and large red nose		 Stan's backup (formerly), a giant honey thief (formerly)	 Bad/Neutral, later good	 Mean (formerly), ruthless (formerly), kind, caring	 To steal honey (formerly), to gain friendship	 The Hundred Acre Wood		 Winnie the Pooh, Piglet, Tigger, Roo, Rabbit, Stan and Heff (formerly)	The Hundred Acre Wood	 Stealing honey (formerly), politely asking to have some honey (currently)	 Politely asking to have some honey (formerly), Stan and Heff threatening Pooh, stealing honey (currently)	 Great strength	 "Hey, what friends for?"
Buster (Winnie the Pooh)	http://disney.wikia.com/wiki/Buster_(Winnie_the_Pooh)	 Tigger and Pooh and a Musical Too	 My Friends Tigger &amp; Pooh				 Dee Bradley Baker									 Fun, adventurous, playful				 Darby, Winnie the Pooh, Tigger, Piglet, Rabbit, Christopher Robin, Lumpy, Roo, Kanga, Eeyore		 Sleuthing	 Scary things		 "(barks)"
Bugs (Winnie the Pooh)	http://disney.wikia.com/wiki/Bugs_(Winnie_the_Pooh)		 The New Adventures of Winnie the Pooh				 Frank Welker					 Six-legged, green caterpillar-like insects with yellow undersides		 Food thieves	 Bad/neutral	 Sneaky, hungry, vile, cunning, mischievous, pesky	 To get some food from Rabbit's garden for feeding					 Getting food from Rabbit's garden	 Not getting food, being caught and trapped by Rabbit	 Strength in numbers	
Dexter	http://disney.wikia.com/wiki/Dexter		 The New Adventures of Winnie the Pooh									 Small slender owl with red glasses, brown feathers, both cream belly and legs, both orange beak and feet		 Owl's genius cousin	 Good	 Smart, kind, technical, a genius		 Hundred Acre Wood	 Owl (cousin),Uncle Torbit,Aunt Ophelia,Countless other relatives	 His cousin Owl, Winnie the Pooh, Tigger, Piglet, Rabbit, Kanga, Roo	Hundred Acre Wood	 Technology, speaking like a professor	 Being ignored by his friends	 Knowledge, technology	 "Indubitably."
Mama Heffalump	http://disney.wikia.com/wiki/Mama_Heffalump	 Pooh's Heffalump Movie	 My Friends Tigger and Pooh				 Brenda Blethyn				 Pooh, Piglet, Kanga, Roo, Rabbit, Owl, Eeyore, Darby, Buster	 Huge elephant-like animal		 To raise Lumpy		 Motherly		 Heffalump Hollow (formerly),Hundred Acre Wood	 Lumpy (son)		Heffalump Hollow (formerly),Hundred Acre Wood		 Losing Lumpy	 Strength	
Smudge	http://disney.wikia.com/wiki/Smudge		 The New Adventures of Winnie the Pooh				 Jim Cummings					 A small talking ball of red-orange and green dust; always sneezing		 Crud's servant	 Bad	 Dumb, annoying, grateful, stupid, bad, and loyal	 To serve his master	 Under Christopher Robin's bed		 Crud and crayon soldiers	Under Christopher Robin's bed	 His master, dirt, and everything dirty	 everything clean	 Slither around incredibly fast, and high praise of his master	 "Coming, master!"
Crows (Winnie the Pooh)	http://disney.wikia.com/wiki/Crows_(Winnie_the_Pooh)		 The New Adventures of Winnie the Pooh				 Frank Welker	 Diablo (as adults from "A Very, Very Large Animal"),Poe De Spell and The Crows from Dumbo (as normal crows)			 Nobodies,Flying featherdusters,Vegetable vandals,Confounded crows,Fine-feathered felons,Ravenous ravens (referred to by Rabbit)	 As adults from "A Very, Very Large Animal": Very muscular, black feathers and gray feathers on the inside on their wings, orange beak, purple bags under their eyes, orange feet with two claws,In a normal version: Slender, black feathers, orange beak, orange feet, black feathers and light and dark purple feathers on the inside on their wings		 Food thieves	 Bad/neutral	 Sneaky, hungry, cunning, vile, mischievous, pesky, angry, noisy, loud, big-mouthed	 To get some food from Rabbit's garden for feeding and fly off with more vegetables and other foods					 Getting food from Rabbit's garden (formerly), singing for the Dawn Chorus along with Owl (from Owl's Well That Ends Well)	 Not getting food, being caught and trapped by Rabbit, Piglet telling them what to do to get away from him and Rabbit's garden (from A Very, Very Large Animal)	 Flight	 "Caw, caw!"
Pack Rats	http://disney.wikia.com/wiki/Pack_Rats																								
Tigger's mom	http://disney.wikia.com/wiki/Tigger%27s_mom																								
Bruno (Winnie the Pooh)	http://disney.wikia.com/wiki/Bruno_(Winnie_the_Pooh)	 The Little Engine That Could	 The New Adventures of Winnie the Pooh				 Jim Cummings	 Robot monkey		 Bruno, The Best Toy A Kid Could Get		 Grey fur, marching band hat, red jacket, black pants			 Good/Neutral	 arrogant, show-off, bragger, fun-loving	 To be "the best toy a kid could get"	 With Christopher Robin's friend, Bruno's real recipient		 "Winnie the Pooh", "Rabbit", "Tigger", "Piglet", "Christopher Robin"	With Christopher Robin's friend, Bruno's real recipient	 Singing and dancing, showing off his many talents	 Being replaced, not being the best, his key unwinding	 Wind-up key	
Birdzilla	http://disney.wikia.com/wiki/Birdzilla																								
Papa Heffalump	http://disney.wikia.com/wiki/Papa_Heffalump		 The New Adventures of Winnie the Pooh				 Jim Cummings					 Yellow heffalump with green clothing and red hat		 Junior Heffalump's father	 Good	 Fun, kind, likable, funny	 To take care of his son, Junior Heffalump	 The Hundred Acre Wood	 Junior Heffalump (son)	 Rabbit, Piglet, Winnie the Pooh, Tigger, Junior Heffalump	The Hundred Acre Wood	 Being with his son	 Losing his son, Junior Heffalump's disobedience	 Invulnerability	
Nasty Jack's Gang	http://disney.wikia.com/wiki/Nasty_Jack%27s_Gang		 The New Adventures of Winnie the Pooh											 Horse thieves	 Bad			 Rickety Gulch		 Each other, Nasty Jack (formerly)	Rickety Gulch				
Balloony (Winnie the Pooh)	http://disney.wikia.com/wiki/Balloony_(Winnie_the_Pooh)	 Winnie the Pooh										 A big, red balloon on a string		 Christopher Robin's toy, Hundred Acre Wood inhabitant		 Quiet, helpful	 To find Christopher Robin and win the honey	 Hundred Acre WoodChristopher Robin's room	 Other balloons in the Winnie the Pooh franchise(Possibly)	 Winnie the Pooh, Piglet, Eeyore, Kanga, Roo, Rabbit, Tigger, Christopher Robin	Hundred Acre WoodChristopher Robin's room	 Honey	 Christopher Robin lost	 flying, floating, gliding	
Winifred (Winnie the Pooh)	http://disney.wikia.com/wiki/Winifred_(Winnie_the_Pooh)	 Winnie the Pooh: A Valentine for You (mentioned)												 Christopher Robin's girlfriend						 Christopher Robin boyfriend,Winnie the Pooh (possibly),Piglet (possibly),Tigger (possibly),Rabbit (possibly),Eeyore (possibly),Gopher (possibly),Owl (possibly)					
Beaver (Winnie the Pooh)	http://disney.wikia.com/wiki/Beaver_(Winnie_the_Pooh)																								
The Opossum Twins	http://disney.wikia.com/wiki/The_Opossum_Twins																								
Skippy (Winnie the Pooh)	http://disney.wikia.com/wiki/Skippy_(Winnie_the_Pooh)																								
Bunnies (Winnie the Pooh)	http://disney.wikia.com/wiki/Bunnies_(Winnie_the_Pooh)		 The New Adventures of Winnie the Pooh									 small slender rabbits with pink ears and tails		 Rabbit's party guests		 Happy, jumpy, sensitive, fun, attentive	 To have fun at Rabbit's party	 Hundred Acre Wood	 Rabbit	 Rabbit, Piglet, Pooh, Tigger, Gopher	Hundred Acre Wood	 Piglet reading stories to them, parties	 Giants gobbling up villages (in Piglet's story)	 Can shake Rabbit's house when they cry	 "Yay!""Waaah!"
Squirrel	http://disney.wikia.com/wiki/Squirrel																								
Long John Cottontail	http://disney.wikia.com/wiki/Long_John_Cottontail																								
Pygmy Piglets	http://disney.wikia.com/wiki/Pygmy_Piglets																								
Woodpecker	http://disney.wikia.com/wiki/Woodpecker																								
Rabbit's Friends and Relations	http://disney.wikia.com/wiki/Rabbit%27s_Friends_and_Relations																								
Rabbit's relatives	http://disney.wikia.com/wiki/Rabbit%27s_relatives																								
Pooh's Grand Adventure: The Search for Christopher Robin	http://disney.wikia.com/wiki/Skullasaurus																								
